,Company and City:,Job description:,Ad link:
0,Empleo AB Växjö - Växjö,Empleo söker Junior IT tekniker,https://arbetsformedlingen.se/platsbanken/annonser/26579203
1,HRM Software AB - Växjö,Javautvecklare till HRM Software i Växjö,https://arbetsformedlingen.se/platsbanken/annonser/26579097
2,Empleo Växjö AB - Växjö,Empleo rekryterar javautvecklare (3 jobb),https://arbetsformedlingen.se/platsbanken/annonser/26579063
3,Empleo Växjö AB - Växjö,Empleo söker C++ programmerare till kunder i Växjö (3 jobb),https://arbetsformedlingen.se/platsbanken/annonser/26578975
4,"Region Kronoberg, Regionservice - Växjö",Vill du jobba med IT-stöd för framtidens vård?,https://arbetsformedlingen.se/platsbanken/annonser/26569618
5,Tieto Sweden AB - Växjö,Internship IT/Tech - Tietoevry Växjö (20 jobb),https://arbetsformedlingen.se/platsbanken/annonser/26566468
6,SE Barona Professionals AB - Växjö,Supportmedarbetare Heltid,https://arbetsformedlingen.se/platsbanken/annonser/26564463
7,Experis AB - Växjö,Experis Academy Program | Fullstackutvecklare |Växjö (2 jobb),https://arbetsformedlingen.se/platsbanken/annonser/26560867
8,Dizparc Växjö - Växjö,Dizparc söker Testare,https://arbetsformedlingen.se/platsbanken/annonser/26558526
9,Barona - Växjö,Fälttekniker sökes till Växjö!,https://arbetsformedlingen.se/platsbanken/annonser/26553305
10,EC Konsult AB - Växjö,Konsult inom mjukvaruutveckling med Java eller C#,https://arbetsformedlingen.se/platsbanken/annonser/26535073
11,Bravura - Växjö,Supporttekniker till Foxway,https://arbetsformedlingen.se/platsbanken/annonser/26540323
12,Maxkompetens Sverige AB - Växjö,Nätverkstekniker till Nordlo i Växjö,https://arbetsformedlingen.se/platsbanken/annonser/26534475
13,Experis AB - Växjö,Systemutvecklare Embedded | Växjö | Experis,https://arbetsformedlingen.se/platsbanken/annonser/26531521
14,Experis AB - Växjö,Senior Systemutvecklare | Växjö | Experis,https://arbetsformedlingen.se/platsbanken/annonser/26531486
15,Empleo AB Växjö - Växjö,Empleo söker Junior IT Tekniker (2 jobb),https://arbetsformedlingen.se/platsbanken/annonser/26528740
16,A-hub - Växjö,Programutvecklare - Vill du utmanas i en trygg miljö?,https://arbetsformedlingen.se/platsbanken/annonser/26528476
17,Experis AB - Växjö,Systemtestare | Experis | Växjö,https://arbetsformedlingen.se/platsbanken/annonser/26527103
18,Experis - Växjö,Supporttekniker | Växjö | Experis (10 jobb),https://arbetsformedlingen.se/platsbanken/annonser/26526467
19,Head Consulting Group Sweden AB - Växjö,Affärsutvecklare inom Azure och/eller SharePoint-konsult,https://arbetsformedlingen.se/platsbanken/annonser/26526048
20,Växjö Linnæus Science Park - Växjö,Ansvarig visualisering/VR/XR,https://arbetsformedlingen.se/platsbanken/annonser/26517411
21,Academic Work - Växjö,Ta steget och bli affärskonsult genom M3CS unika konsultprogram!,https://arbetsformedlingen.se/platsbanken/annonser/26509841
22,Play'n GO - Växjö,Software Developer,https://arbetsformedlingen.se/platsbanken/annonser/26504548
23,Framtiden AB - Växjö,Tekniker inom brand och utrymningslarm,https://arbetsformedlingen.se/platsbanken/annonser/26501135
24,5 Monkeys Agency AB - Växjö,Remote: Älskar du Python/Django? Ansök via SSH!,https://arbetsformedlingen.se/platsbanken/annonser/26498434
25,Visma Spcs AB - Växjö,Technical Writer till Visma Spcs,https://arbetsformedlingen.se/platsbanken/annonser/26497293
26,IST - Växjö,Senior Developer – Växjö or Linköping,https://arbetsformedlingen.se/platsbanken/annonser/26497208
27,IST - Växjö,Senior Frontend/Fullstack Developer – Växjö or Linköping,https://arbetsformedlingen.se/platsbanken/annonser/26497205
28,XLNT Recruitment Group - Växjö,Fortnox söker Hybrid Fullstack Developer,https://arbetsformedlingen.se/platsbanken/annonser/26489533
29,Nexer AB - Växjö,Projekt- och/eller förändringsledare till Nexer Växjö,https://arbetsformedlingen.se/platsbanken/annonser/26486132
30,Nexer AB - Växjö,Utvecklare till Nexer Växjö,https://arbetsformedlingen.se/platsbanken/annonser/26486097
31,Dizparc Växjö - Växjö,Dizparc söker Javautvecklare,https://arbetsformedlingen.se/platsbanken/annonser/26485537
32,Dizparc Växjö - Växjö,Dizparc söker UX designer till web och e-handels team,https://arbetsformedlingen.se/platsbanken/annonser/26485506
33,Dizparc Växjö - Växjö,Dizparc söker Utvecklare/Arkitekt .NET,https://arbetsformedlingen.se/platsbanken/annonser/26485492
34,Dizparc Växjö - Växjö,Dizparc söker Webbutvecklare,https://arbetsformedlingen.se/platsbanken/annonser/26485415
35,StudentConsulting - Växjö,Vi söker nu en Onsite-tekniker i Ljungby för ett spännande uppdrag,https://arbetsformedlingen.se/platsbanken/annonser/26484532
36,Fortnox AB - Växjö,Software developer,https://arbetsformedlingen.se/platsbanken/annonser/26476017
37,Combitech AB - Växjö,Testare / Testledare (2 jobb),https://arbetsformedlingen.se/platsbanken/annonser/26473789
38,Combitech AB - Växjö,Systemutvecklare - Stöd till Försvarsmakten (2 jobb),https://arbetsformedlingen.se/platsbanken/annonser/26469227
39,Inpeople Sverige AB - Växjö,Databasadministratör till IGT i Växjö,https://arbetsformedlingen.se/platsbanken/annonser/26441751
40,IST - Växjö,UX Designer to IST,https://arbetsformedlingen.se/platsbanken/annonser/26436904
41,IST - Växjö,Documentation Manager till IST Sverige,https://arbetsformedlingen.se/platsbanken/annonser/26436886
42,StudentConsulting - Växjö,Student i Växjö? Extrajobba som IT-tekniker! (2 jobb),https://arbetsformedlingen.se/platsbanken/annonser/26345539
43,Play'n GO - Växjö,Software Developer,https://arbetsformedlingen.se/platsbanken/annonser/26330021
44,Avalon Innovation - Växjö,Software developer,https://arbetsformedlingen.se/platsbanken/annonser/26327223
